Lat,Lon,Country,Month,Sunlight,Temp,Cloud
-40.900557,174.88597099999998,New Zealand,01,16091.289999999999,71.64516129032258,41.25806451612903
-40.900557,174.88597099999998,New Zealand,02,17140.96,76.13793103448276,28.17241379310345
-40.900557,174.88597099999998,New Zealand,03,15806.25,72.19354838709677,31.06451612903226
-40.900557,174.88597099999998,New Zealand,04,14185.359999999999,67.33333333333333,27.966666666666665
-40.900557,174.88597099999998,New Zealand,05,9276.52,64.06451612903226,49.16129032258065
-40.900557,174.88597099999998,New Zealand,06,10036.560000000001,60.233333333333334,40.03333333333333
-40.900557,174.88597099999998,New Zealand,07,11115.120000000003,57.61290322580645,37.45161290322581
-40.900557,174.88597099999998,New Zealand,08,12199.35,55.41935483870968,38.096774193548384
-40.900557,174.88597099999998,New Zealand,09,9476.980000000001,57.733333333333334,55.666666666666664
-40.900557,174.88597099999998,New Zealand,10,13879.93,61.0,43.58064516129032
-40.900557,174.88597099999998,New Zealand,11,12793.630000000001,63.833333333333336,50.766666666666666
-40.900557,174.88597099999998,New Zealand,12,17693.8,67.35483870967742,36.806451612903224
-25.274398,133.775136,Australia,01,19676.309999999998,94.45161290322581,21.741935483870968
-25.274398,133.775136,Australia,02,20632.419999999995,96.82758620689656,8.413793103448276
-25.274398,133.775136,Australia,03,19314.86,93.38709677419355,15.03225806451613
-25.274398,133.775136,Australia,04,18922.009999999995,88.16666666666667,8.433333333333334
-25.274398,133.775136,Australia,05,14759.619999999999,76.87096774193549,27.032258064516128
-25.274398,133.775136,Australia,06,14158.019999999999,69.2,25.7
-25.274398,133.775136,Australia,07,17150.55,68.12903225806451,14.161290322580646
-25.274398,133.775136,Australia,08,17992.260000000002,71.51612903225806,13.870967741935484
-25.274398,133.775136,Australia,09,17207.989999999998,75.43333333333334,19.933333333333334
-25.274398,133.775136,Australia,10,21933.080000000005,85.74193548387096,7.0
-25.274398,133.775136,Australia,11,20965.350000000002,93.5,12.733333333333333
-25.274398,133.775136,Australia,12,17089.789999999997,93.16129032258064,32.83870967741935
-23.442503,-58.44383199999999,Paraguay,01,18813.81,105.16129032258064,24.516129032258064
-23.442503,-58.44383199999999,Paraguay,02,14100.249999999998,99.48275862068965,37.10344827586207
-23.442503,-58.44383199999999,Paraguay,03,17293.45,95.61290322580645,23.838709677419356
-23.442503,-58.44383199999999,Paraguay,04,14174.220000000001,91.76666666666667,31.7
-23.442503,-58.44383199999999,Paraguay,05,10320.529999999999,76.19354838709677,49.483870967741936
-23.442503,-58.44383199999999,Paraguay,06,13370.23,73.6,30.633333333333333
-23.442503,-58.44383199999999,Paraguay,07,16439.210000000003,83.09677419354838,18.580645161290324
-23.442503,-58.44383199999999,Paraguay,08,16149.619999999999,88.45161290322581,23.35483870967742
-23.442503,-58.44383199999999,Paraguay,09,17856.849999999995,90.26666666666667,17.333333333333332
-23.442503,-58.44383199999999,Paraguay,10,18371.949999999997,97.51612903225806,21.967741935483872
-23.442503,-58.44383199999999,Paraguay,11,18003.000000000004,99.86666666666666,24.5
-23.442503,-58.44383199999999,Paraguay,12,18014.11,100.61290322580645,28.580645161290324
-20.348404000000002,57.552152,Mauritius,01,10213.65,86.74193548387096,58.41935483870968
-20.348404000000002,57.552152,Mauritius,02,9183.869999999999,87.03448275862068,58.58620689655172
-20.348404000000002,57.552152,Mauritius,03,10299.330000000002,86.12903225806451,54.516129032258064
-20.348404000000002,57.552152,Mauritius,04,8361.47,83.63333333333334,60.0
-20.348404000000002,57.552152,Mauritius,05,10857.260000000002,78.19354838709677,47.61290322580645
-20.348404000000002,57.552152,Mauritius,06,9353.539999999999,75.5,52.43333333333333
-20.348404000000002,57.552152,Mauritius,07,8594.069999999998,73.45161290322581,58.16129032258065
-20.348404000000002,57.552152,Mauritius,08,9763.880000000001,75.6774193548387,54.12903225806452
-20.348404000000002,57.552152,Mauritius,09,9723.729999999998,75.63333333333334,54.93333333333333
-20.348404000000002,57.552152,Mauritius,10,11536.999999999996,79.41935483870968,50.58064516129032
-20.348404000000002,57.552152,Mauritius,11,9530.529999999997,81.63333333333334,59.5
-20.348404000000002,57.552152,Mauritius,12,12357.669999999998,83.74193548387096,50.193548387096776
-18.766947000000002,46.869107,Madagascar,01,13528.52,79.45161290322581,44.483870967741936
-18.766947000000002,46.869107,Madagascar,02,12644.069999999998,79.10344827586206,42.758620689655174
-18.766947000000002,46.869107,Madagascar,03,10750.710000000003,78.41935483870968,52.67741935483871
-18.766947000000002,46.869107,Madagascar,04,13815.01,76.53333333333333,34.166666666666664
-18.766947000000002,46.869107,Madagascar,05,14461.739999999998,68.54838709677419,30.806451612903224
-18.766947000000002,46.869107,Madagascar,06,14274.02,65.93333333333334,28.1
-18.766947000000002,46.869107,Madagascar,07,16149.949999999999,66.61290322580645,22.0
-18.766947000000002,46.869107,Madagascar,08,15588.660000000003,71.41935483870968,27.225806451612904
-18.766947000000002,46.869107,Madagascar,09,17935.229999999996,75.86666666666666,16.966666666666665
-18.766947000000002,46.869107,Madagascar,10,18538.43,81.54838709677419,20.483870967741936
-18.766947000000002,46.869107,Madagascar,11,16121.679999999997,82.46666666666667,31.033333333333335
-18.766947000000002,46.869107,Madagascar,12,15091.509999999995,81.74193548387096,38.67741935483871
-9.189967,-75.015152,Peru,01,13895.26,99.41935483870968,40.61290322580645
-9.189967,-75.015152,Peru,02,9344.130000000001,94.17241379310344,56.6551724137931
-9.189967,-75.015152,Peru,03,9620.639999999996,93.0,57.38709677419355
-9.189967,-75.015152,Peru,04,11975.309999999998,94.9,44.06666666666667
-9.189967,-75.015152,Peru,05,13035.529999999999,95.45161290322581,40.096774193548384
-9.189967,-75.015152,Peru,06,14442.4,94.36666666666666,30.833333333333332
-9.189967,-75.015152,Peru,07,17088.66,97.70967741935483,21.161290322580644
-9.189967,-75.015152,Peru,08,17289.069999999996,99.96774193548387,21.387096774193548
-9.189967,-75.015152,Peru,09,15461.05,99.56666666666666,28.766666666666666
-9.189967,-75.015152,Peru,10,15264.069999999994,99.16129032258064,33.354838709677416
-9.189967,-75.015152,Peru,11,15835.38,100.76666666666667,29.8
-9.189967,-75.015152,Peru,12,14629.439999999999,98.93548387096774,37.806451612903224
-6.369028,34.888822,Tanzania,01,11342.309999999998,84.06451612903226,51.03225806451613
-6.369028,34.888822,Tanzania,02,13562.89,86.3103448275862,36.6551724137931
-6.369028,34.888822,Tanzania,03,14637.460000000003,89.87096774193549,35.12903225806452
-6.369028,34.888822,Tanzania,04,10188.01,83.8,52.63333333333333
-6.369028,34.888822,Tanzania,05,15538.460000000005,85.90322580645162,29.322580645161292
-6.369028,34.888822,Tanzania,06,16021.739999999996,84.9,24.3
-6.369028,34.888822,Tanzania,07,18412.170000000002,85.58064516129032,16.032258064516128
-6.369028,34.888822,Tanzania,08,18113.16,86.29032258064517,18.225806451612904
-6.369028,34.888822,Tanzania,09,18108.249999999996,88.96666666666667,16.666666666666668
-6.369028,34.888822,Tanzania,10,19172.56,92.19354838709677,15.838709677419354
-6.369028,34.888822,Tanzania,11,18123.57,92.0,18.833333333333332
-6.369028,34.888822,Tanzania,12,15924.84,89.09677419354838,31.451612903225808
-3.3730559999999996,29.918885999999997,Burundi,01,15514.449999999999,77.61290322580645,32.12903225806452
-3.3730559999999996,29.918885999999997,Burundi,02,16903.21,79.58620689655173,20.448275862068964
-3.3730559999999996,29.918885999999997,Burundi,03,17596.100000000002,80.6774193548387,21.93548387096774
-3.3730559999999996,29.918885999999997,Burundi,04,12970.76,75.83333333333333,40.1
-3.3730559999999996,29.918885999999997,Burundi,05,15653.44,73.19354838709677,29.64516129032258
-3.3730559999999996,29.918885999999997,Burundi,06,16387.739999999998,74.26666666666667,23.7
-3.3730559999999996,29.918885999999997,Burundi,07,19556.240000000005,77.96774193548387,12.0
-3.3730559999999996,29.918885999999997,Burundi,08,20155.700000000004,80.58064516129032,9.741935483870968
-3.3730559999999996,29.918885999999997,Burundi,09,18455.31,81.3,15.166666666666666
-3.3730559999999996,29.918885999999997,Burundi,10,17054.360000000004,78.64516129032258,24.741935483870968
-3.3730559999999996,29.918885999999997,Burundi,11,12949.039999999997,75.23333333333333,41.36666666666667
-3.3730559999999996,29.918885999999997,Burundi,12,17028.7,76.09677419354838,25.64516129032258
-1.940278,29.873888,Rwanda,01,16374.78,83.7741935483871,27.93548387096774
-1.940278,29.873888,Rwanda,02,17077.429999999997,87.13793103448276,19.379310344827587
-1.940278,29.873888,Rwanda,03,16957.910000000003,86.6774193548387,24.741935483870968
-1.940278,29.873888,Rwanda,04,12376.889999999998,80.73333333333333,43.0
-1.940278,29.873888,Rwanda,05,14095.109999999999,78.03225806451613,37.0
-1.940278,29.873888,Rwanda,06,15243.36,78.6,29.5
-1.940278,29.873888,Rwanda,07,18768.059999999998,83.54838709677419,16.06451612903226
-1.940278,29.873888,Rwanda,08,19239.290000000005,85.48387096774194,14.161290322580646
-1.940278,29.873888,Rwanda,09,17358.910000000003,84.36666666666666,20.266666666666666
-1.940278,29.873888,Rwanda,10,16667.62,82.6774193548387,26.258064516129032
-1.940278,29.873888,Rwanda,11,14431.29,78.73333333333333,34.3
-1.940278,29.873888,Rwanda,12,17709.22,80.74193548387096,22.161290322580644
6.4280550000000005,-9.429499,Liberia,01,15944.289999999995,94.58064516129032,27.322580645161292
6.4280550000000005,-9.429499,Liberia,02,14726.530000000002,93.34482758620689,28.96551724137931
6.4280550000000005,-9.429499,Liberia,03,13677.84,93.03225806451613,39.16129032258065
6.4280550000000005,-9.429499,Liberia,04,12807.949999999997,93.6,42.0
6.4280550000000005,-9.429499,Liberia,05,12305.310000000001,92.25806451612904,46.70967741935484
6.4280550000000005,-9.429499,Liberia,06,7645.32,90.76666666666667,66.0
6.4280550000000005,-9.429499,Liberia,07,7819.390000000001,89.45161290322581,66.25806451612904
6.4280550000000005,-9.429499,Liberia,08,5049.0,87.7741935483871,77.96774193548387
6.4280550000000005,-9.429499,Liberia,09,7161.1900000000005,89.53333333333333,67.23333333333333
6.4280550000000005,-9.429499,Liberia,10,10330.79,91.0,53.58064516129032
6.4280550000000005,-9.429499,Liberia,11,12313.280000000004,91.86666666666666,42.166666666666664
6.4280550000000005,-9.429499,Liberia,12,15623.650000000001,93.74193548387096,28.548387096774192
8.619543,0.824782,Togo,01,20618.51,99.2258064516129,5.161290322580645
8.619543,0.824782,Togo,02,19372.860000000008,103.79310344827586,6.068965517241379
8.619543,0.824782,Togo,03,17637.99,101.19354838709677,21.483870967741936
8.619543,0.824782,Togo,04,17532.030000000002,101.83333333333333,20.9
8.619543,0.824782,Togo,05,16702.21,98.2258064516129,28.225806451612904
8.619543,0.824782,Togo,06,12680.179999999998,92.76666666666667,44.13333333333333
8.619543,0.824782,Togo,07,8958.27,88.87096774193549,61.67741935483871
8.619543,0.824782,Togo,08,8714.95,87.25806451612904,62.16129032258065
8.619543,0.824782,Togo,09,10855.489999999998,90.7,50.36666666666667
8.619543,0.824782,Togo,10,17152.480000000007,95.25806451612904,22.612903225806452
8.619543,0.824782,Togo,11,19276.57,98.56666666666666,8.733333333333333
8.619543,0.824782,Togo,12,20185.810000000005,98.93548387096774,6.741935483870968
9.30769,2.315834,Benin,01,20602.91,100.7741935483871,4.870967741935484
9.30769,2.315834,Benin,02,19185.11,105.48275862068965,6.793103448275862
9.30769,2.315834,Benin,03,17464.139999999996,104.48387096774194,22.258064516129032
9.30769,2.315834,Benin,04,17440.459999999995,102.23333333333333,21.5
9.30769,2.315834,Benin,05,16623.38,99.38709677419355,28.806451612903224
9.30769,2.315834,Benin,06,12435.670000000004,95.43333333333334,45.43333333333333
9.30769,2.315834,Benin,07,8621.97,90.80645161290323,63.25806451612903
9.30769,2.315834,Benin,08,7339.079999999999,87.80645161290323,68.2258064516129
9.30769,2.315834,Benin,09,9309.16,89.66666666666667,57.46666666666667
9.30769,2.315834,Benin,10,15055.649999999998,94.61290322580645,31.967741935483872
9.30769,2.315834,Benin,11,19115.399999999998,100.13333333333334,9.2
9.30769,2.315834,Benin,12,20541.529999999995,100.29032258064517,4.709677419354839
9.945587,-9.696645,Guinea,01,17655.47,95.19354838709677,18.29032258064516
9.945587,-9.696645,Guinea,02,19631.39,102.24137931034483,4.482758620689655
9.945587,-9.696645,Guinea,03,20395.100000000002,106.93548387096774,9.225806451612904
9.945587,-9.696645,Guinea,04,18404.079999999998,106.1,17.2
9.945587,-9.696645,Guinea,05,17021.140000000003,103.06451612903226,27.29032258064516
9.945587,-9.696645,Guinea,06,13746.379999999997,97.06666666666666,39.86666666666667
9.945587,-9.696645,Guinea,07,10516.31,91.74193548387096,55.29032258064516
9.945587,-9.696645,Guinea,08,8977.779999999999,89.74193548387096,61.193548387096776
9.945587,-9.696645,Guinea,09,11609.409999999998,91.66666666666667,46.96666666666667
9.945587,-9.696645,Guinea,10,17251.489999999998,97.90322580645162,22.06451612903226
9.945587,-9.696645,Guinea,11,18202.840000000004,98.9,13.333333333333334
9.945587,-9.696645,Guinea,12,20000.299999999996,98.0,6.935483870967742
18.109581,-77.297508,Jamaica,01,14096.390000000001,87.7741935483871,32.225806451612904
18.109581,-77.297508,Jamaica,02,14765.900000000001,86.44827586206897,26.586206896551722
18.109581,-77.297508,Jamaica,03,16969.22,87.83870967741936,24.322580645161292
18.109581,-77.297508,Jamaica,04,12621.250000000002,86.7,44.166666666666664
18.109581,-77.297508,Jamaica,05,15004.490000000002,90.35483870967742,37.935483870967744
18.109581,-77.297508,Jamaica,06,12029.659999999998,90.73333333333333,49.36666666666667
18.109581,-77.297508,Jamaica,07,16652.82,93.09677419354838,31.580645161290324
18.109581,-77.297508,Jamaica,08,12981.759999999998,91.54838709677419,45.12903225806452
18.109581,-77.297508,Jamaica,09,12292.58,92.06666666666666,44.13333333333333
18.109581,-77.297508,Jamaica,10,9042.17,89.70967741935483,58.58064516129032
18.109581,-77.297508,Jamaica,11,11131.929999999998,88.06666666666666,45.233333333333334
18.109581,-77.297508,Jamaica,12,13766.079999999998,88.12903225806451,33.16129032258065
26.3351,17.228331,Libya,01,18458.780000000002,67.25806451612904,7.129032258064516
26.3351,17.228331,Libya,02,16933.739999999998,75.3103448275862,13.517241379310345
26.3351,17.228331,Libya,03,20329.2,81.25806451612904,9.096774193548388
26.3351,17.228331,Libya,04,21383.550000000003,97.86666666666666,7.233333333333333
26.3351,17.228331,Libya,05,21593.68,99.58064516129032,13.741935483870968
26.3351,17.228331,Libya,06,23794.019999999993,105.6,4.0
26.3351,17.228331,Libya,07,25073.040000000005,101.41935483870968,0.9354838709677419
26.3351,17.228331,Libya,08,23756.080000000005,101.29032258064517,2.064516129032258
26.3351,17.228331,Libya,09,21814.91,98.73333333333333,1.4
26.3351,17.228331,Libya,10,20188.010000000002,92.03225806451613,5.838709677419355
26.3351,17.228331,Libya,11,15970.359999999999,78.56666666666666,18.4
26.3351,17.228331,Libya,12,15696.739999999998,66.3225806451613,19.774193548387096
33.93911,67.709953,Afghanistan,01,14170.130000000001,28.483870967741936,25.225806451612904
33.93911,67.709953,Afghanistan,02,16260.450000000003,29.20689655172414,14.89655172413793
33.93911,67.709953,Afghanistan,03,13121.809999999998,35.58064516129032,41.41935483870968
33.93911,67.709953,Afghanistan,04,18544.17,48.06666666666667,21.333333333333332
33.93911,67.709953,Afghanistan,05,23542.149999999994,65.12903225806451,9.258064516129032
33.93911,67.709953,Afghanistan,06,24241.100000000002,72.96666666666667,6.366666666666666
33.93911,67.709953,Afghanistan,07,25226.41,75.87096774193549,4.161290322580645
33.93911,67.709953,Afghanistan,08,22653.24,71.83870967741936,8.903225806451612
33.93911,67.709953,Afghanistan,09,21610.730000000003,67.73333333333333,2.8333333333333335
33.93911,67.709953,Afghanistan,10,20218.459999999995,54.83870967741935,4.032258064516129
33.93911,67.709953,Afghanistan,11,15872.27,42.6,15.466666666666667
33.93911,67.709953,Afghanistan,12,16116.639999999996,37.67741935483871,12.806451612903226
34.802075,38.996815000000005,Syria,01,14244.66,57.16129032258065,24.35483870967742
34.802075,38.996815000000005,Syria,02,15983.79,68.79310344827586,16.03448275862069
34.802075,38.996815000000005,Syria,03,18374.48,73.35483870967742,17.548387096774192
34.802075,38.996815000000005,Syria,04,20690.329999999998,86.16666666666667,12.133333333333333
34.802075,38.996815000000005,Syria,05,23239.25,89.96774193548387,10.806451612903226
34.802075,38.996815000000005,Syria,06,25220.269999999997,100.16666666666667,3.066666666666667
34.802075,38.996815000000005,Syria,07,26267.960000000003,103.93548387096774,0.6774193548387096
34.802075,38.996815000000005,Syria,08,24393.620000000003,105.06451612903226,2.2580645161290325
34.802075,38.996815000000005,Syria,09,21935.309999999998,94.3,1.5333333333333334
34.802075,38.996815000000005,Syria,10,19509.98,87.45161290322581,7.161290322580645
34.802075,38.996815000000005,Syria,11,15538.079999999998,71.33333333333333,16.533333333333335
34.802075,38.996815000000005,Syria,12,14084.17,57.483870967741936,23.258064516129032
35.126413,33.429859,Cyprus,01,12207.470000000001,59.41935483870968,35.0
35.126413,33.429859,Cyprus,02,14990.240000000002,70.62068965517241,21.344827586206897
35.126413,33.429859,Cyprus,03,17717.359999999997,72.41935483870968,20.612903225806452
35.126413,33.429859,Cyprus,04,20933.51,84.76666666666667,11.133333333333333
35.126413,33.429859,Cyprus,05,21700.569999999996,86.6774193548387,16.903225806451612
35.126413,33.429859,Cyprus,06,24580.670000000002,97.33333333333333,5.766666666666667
35.126413,33.429859,Cyprus,07,25229.9,101.6774193548387,4.806451612903226
35.126413,33.429859,Cyprus,08,23891.980000000007,100.51612903225806,4.387096774193548
35.126413,33.429859,Cyprus,09,20633.97,93.13333333333334,7.3
35.126413,33.429859,Cyprus,10,19308.76,86.74193548387096,7.935483870967742
35.126413,33.429859,Cyprus,11,14855.55,74.0,20.066666666666666
35.126413,33.429859,Cyprus,12,11157.209999999997,59.903225806451616,39.03225806451613
37.09024,-95.712891,United States,01,7334.989999999998,42.096774193548384,60.54838709677419
37.09024,-95.712891,United States,02,12017.359999999999,54.62068965517241,36.241379310344826
37.09024,-95.712891,United States,03,11259.47,64.58064516129032,49.645161290322584
37.09024,-95.712891,United States,04,12819.03,71.93333333333334,45.56666666666667
37.09024,-95.712891,United States,05,10944.15,74.38709677419355,58.25806451612903
37.09024,-95.712891,United States,06,18352.890000000003,89.83333333333333,30.566666666666666
37.09024,-95.712891,United States,07,17575.44,91.96774193548387,34.38709677419355
37.09024,-95.712891,United States,08,13560.18,91.70967741935483,46.25806451612903
37.09024,-95.712891,United States,09,14330.2,85.66666666666667,35.7
37.09024,-95.712891,United States,10,13011.79,76.38709677419355,37.774193548387096
37.09024,-95.712891,United States,11,10315.240000000003,62.86666666666667,43.43333333333333
37.09024,-95.712891,United States,12,9186.710000000001,43.87096774193548,48.83870967741935
38.969719,59.556278000000006,Turkmenistan,01,11046.939999999999,49.67741935483871,39.16129032258065
38.969719,59.556278000000006,Turkmenistan,02,13271.830000000002,54.86206896551724,28.96551724137931
38.969719,59.556278000000006,Turkmenistan,03,16400.060000000005,65.96774193548387,26.161290322580644
38.969719,59.556278000000006,Turkmenistan,04,18242.04,74.66666666666667,23.7
38.969719,59.556278000000006,Turkmenistan,05,22405.819999999996,88.7741935483871,15.96774193548387
38.969719,59.556278000000006,Turkmenistan,06,24281.24,96.33333333333333,9.166666666666666
38.969719,59.556278000000006,Turkmenistan,07,24900.14999999999,101.19354838709677,8.161290322580646
38.969719,59.556278000000006,Turkmenistan,08,24932.800000000003,99.25806451612904,1.7419354838709677
38.969719,59.556278000000006,Turkmenistan,09,21183.170000000002,88.96666666666667,5.3
38.969719,59.556278000000006,Turkmenistan,10,16991.81,65.61290322580645,18.387096774193548
38.969719,59.556278000000006,Turkmenistan,11,15024.650000000001,52.86666666666667,16.866666666666667
38.969719,59.556278000000006,Turkmenistan,12,12524.160000000002,47.54838709677419,29.096774193548388
45.943160999999996,24.96676,Romania,01,6050.470000000001,31.387096774193548,64.06451612903226
45.943160999999996,24.96676,Romania,02,8407.120000000003,48.827586206896555,53.310344827586206
45.943160999999996,24.96676,Romania,03,11197.640000000001,53.70967741935484,49.516129032258064
45.943160999999996,24.96676,Romania,04,14535.77,69.2,40.13333333333333
45.943160999999996,24.96676,Romania,05,16427.699999999997,69.70967741935483,41.193548387096776
45.943160999999996,24.96676,Romania,06,17626.890000000003,82.73333333333333,37.6
45.943160999999996,24.96676,Romania,07,20470.09,85.48387096774194,28.161290322580644
45.943160999999996,24.96676,Romania,08,19445.48,85.51612903225806,25.580645161290324
45.943160999999996,24.96676,Romania,09,15602.549999999997,78.83333333333333,30.833333333333332
45.943160999999996,24.96676,Romania,10,9861.320000000002,57.25806451612903,51.516129032258064
45.943160999999996,24.96676,Romania,11,8783.739999999998,46.2,48.06666666666667
45.943160999999996,24.96676,Romania,12,8065.650000000001,31.129032258064516,50.193548387096776
46.818188,8.227511999999999,Switzerland,01,7077.530000000001,29.70967741935484,58.0
46.818188,8.227511999999999,Switzerland,02,6354.04,31.517241379310345,64.55172413793103
46.818188,8.227511999999999,Switzerland,03,12044.510000000004,34.774193548387096,46.225806451612904
46.818188,8.227511999999999,Switzerland,04,10457.160000000002,43.36666666666667,57.333333333333336
46.818188,8.227511999999999,Switzerland,05,14057.009999999998,50.774193548387096,49.806451612903224
46.818188,8.227511999999999,Switzerland,06,13351.62,59.4,53.1
46.818188,8.227511999999999,Switzerland,07,16180.29,66.7741935483871,43.61290322580645
46.818188,8.227511999999999,Switzerland,08,18151.530000000002,66.2258064516129,30.741935483870968
46.818188,8.227511999999999,Switzerland,09,13593.599999999999,61.43333333333333,39.7
46.818188,8.227511999999999,Switzerland,10,14080.899999999996,47.516129032258064,30.161290322580644
46.818188,8.227511999999999,Switzerland,11,9454.69,36.9,43.8
46.818188,8.227511999999999,Switzerland,12,13800.459999999997,37.25806451612903,13.806451612903226
52.132633,5.291266,Netherlands,01,4773.04,42.83870967741935,69.25806451612904
52.132633,5.291266,Netherlands,02,7183.770000000001,45.37931034482759,59.275862068965516
52.132633,5.291266,Netherlands,03,9226.850000000002,49.45161290322581,58.193548387096776
52.132633,5.291266,Netherlands,04,12186.2,57.03333333333333,51.266666666666666
52.132633,5.291266,Netherlands,05,13882.470000000001,67.51612903225806,52.0
52.132633,5.291266,Netherlands,06,11726.000000000002,70.03333333333333,60.9
52.132633,5.291266,Netherlands,07,14619.490000000002,72.19354838709677,51.45161290322581
52.132633,5.291266,Netherlands,08,15902.230000000001,71.58064516129032,40.83870967741935
52.132633,5.291266,Netherlands,09,14058.54,73.2,38.1
52.132633,5.291266,Netherlands,10,9584.47,56.96774193548387,51.67741935483871
52.132633,5.291266,Netherlands,11,6728.980000000001,47.86666666666667,57.13333333333333
52.132633,5.291266,Netherlands,12,6454.509999999999,46.70967741935484,55.61290322580645
56.130366,-106.34677099999999,Canada,01,4469.1,11.774193548387096,67.58064516129032
56.130366,-106.34677099999999,Canada,02,4732.76,13.655172413793103,71.72413793103448
56.130366,-106.34677099999999,Canada,03,3141.67,29.29032258064516,85.7741935483871
56.130366,-106.34677099999999,Canada,04,11307.249999999998,41.13333333333333,57.0
56.130366,-106.34677099999999,Canada,05,16711.64,63.45161290322581,45.32258064516129
56.130366,-106.34677099999999,Canada,06,14862.57,68.06666666666666,53.0
56.130366,-106.34677099999999,Canada,07,13097.04,71.61290322580645,58.193548387096776
56.130366,-106.34677099999999,Canada,08,13575.05,68.6774193548387,51.41935483870968
56.130366,-106.34677099999999,Canada,09,10261.36,59.56666666666667,54.666666666666664
56.130366,-106.34677099999999,Canada,10,1664.3000000000002,39.54838709677419,91.87096774193549
56.130366,-106.34677099999999,Canada,11,5416.110000000001,39.666666666666664,64.9
56.130366,-106.34677099999999,Canada,12,4421.78,12.129032258064516,65.93548387096774
56.26392,9.501785,Denmark,01,3521.919999999999,35.096774193548384,75.03225806451613
56.26392,9.501785,Denmark,02,7898.58,40.89655172413793,53.62068965517241
56.26392,9.501785,Denmark,03,8042.030000000001,46.193548387096776,63.935483870967744
56.26392,9.501785,Denmark,04,8954.06,51.333333333333336,65.03333333333333
56.26392,9.501785,Denmark,05,17011.179999999997,65.45161290322581,43.87096774193548
56.26392,9.501785,Denmark,06,15174.010000000002,69.46666666666667,51.9
56.26392,9.501785,Denmark,07,10754.09,69.12903225806451,65.6774193548387
56.26392,9.501785,Denmark,08,11762.140000000001,68.51612903225806,57.67741935483871
56.26392,9.501785,Denmark,09,12055.150000000001,68.06666666666666,47.13333333333333
56.26392,9.501785,Denmark,10,4165.820000000001,51.70967741935484,78.87096774193549
56.26392,9.501785,Denmark,11,4543.830000000001,43.3,68.83333333333333
56.26392,9.501785,Denmark,12,3355.1399999999994,44.483870967741936,74.3225806451613
56.879635,24.603189,Latvia,01,2825.62,22.35483870967742,79.09677419354838
56.879635,24.603189,Latvia,02,3387.02,38.55172413793103,80.0
56.879635,24.603189,Latvia,03,7184.679999999999,40.38709677419355,67.80645161290323
56.879635,24.603189,Latvia,04,11825.89,51.9,54.0
56.879635,24.603189,Latvia,05,22062.15,65.70967741935483,28.193548387096776
56.879635,24.603189,Latvia,06,19878.83,71.43333333333334,37.7
56.879635,24.603189,Latvia,07,18810.25,72.25806451612904,40.774193548387096
56.879635,24.603189,Latvia,08,13403.540000000003,69.58064516129032,51.935483870967744
56.879635,24.603189,Latvia,09,13859.399999999998,63.46666666666667,40.06666666666667
56.879635,24.603189,Latvia,10,7102.5199999999995,47.225806451612904,63.29032258064516
56.879635,24.603189,Latvia,11,1347.23,39.96666666666667,90.5
56.879635,24.603189,Latvia,12,1744.8999999999996,40.58064516129032,86.35483870967742
58.595271999999994,25.013607,Estonia,01,1997.2999999999995,18.096774193548388,84.54838709677419
58.595271999999994,25.013607,Estonia,02,2260.2000000000003,34.724137931034484,86.41379310344827
58.595271999999994,25.013607,Estonia,03,5647.52,36.41935483870968,74.96774193548387
58.595271999999994,25.013607,Estonia,04,9338.31,50.7,64.16666666666667
58.595271999999994,25.013607,Estonia,05,22615.7,67.3225806451613,27.806451612903224
58.595271999999994,25.013607,Estonia,06,16623.879999999997,68.26666666666667,49.3
58.595271999999994,25.013607,Estonia,07,17245.539999999997,72.25806451612904,47.12903225806452
58.595271999999994,25.013607,Estonia,08,11835.62,66.87096774193549,58.38709677419355
58.595271999999994,25.013607,Estonia,09,10702.590000000002,60.96666666666667,54.166666666666664
58.595271999999994,25.013607,Estonia,10,7033.250000000002,44.61290322580645,63.29032258064516
58.595271999999994,25.013607,Estonia,11,1786.21,34.5,87.2
58.595271999999994,25.013607,Estonia,12,2257.9500000000003,35.12903225806452,81.2258064516129
60.128161,18.643501,Sweden,01,2484.53,26.677419354838708,81.3225806451613
60.128161,18.643501,Sweden,02,5573.18,33.793103448275865,65.86206896551724
60.128161,18.643501,Sweden,03,7494.259999999999,38.354838709677416,66.2258064516129
60.128161,18.643501,Sweden,04,11100.430000000002,43.3,58.166666666666664
60.128161,18.643501,Sweden,05,18852.329999999998,53.806451612903224,40.903225806451616
60.128161,18.643501,Sweden,06,20328.48,60.53333333333333,39.766666666666666
60.128161,18.643501,Sweden,07,23898.42,68.2258064516129,28.258064516129032
60.128161,18.643501,Sweden,08,14736.150000000001,65.35483870967742,49.38709677419355
60.128161,18.643501,Sweden,09,14669.469999999998,60.7,36.63333333333333
60.128161,18.643501,Sweden,10,6781.55,47.774193548387096,65.0
60.128161,18.643501,Sweden,11,3125.25,40.93333333333333,75.86666666666666
60.128161,18.643501,Sweden,12,4863.569999999999,41.645161290322584,56.16129032258065
60.472024,8.468946,Norway,01,4755.3,15.451612903225806,62.96774193548387
60.472024,8.468946,Norway,02,8146.999999999999,23.586206896551722,49.0
60.472024,8.468946,Norway,03,10500.080000000002,34.354838709677416,53.16129032258065
60.472024,8.468946,Norway,04,10557.710000000001,37.5,60.53333333333333
60.472024,8.468946,Norway,05,16736.76,49.58064516129032,47.903225806451616
60.472024,8.468946,Norway,06,19799.899999999998,59.06666666666667,41.766666666666666
60.472024,8.468946,Norway,07,18456.13,58.225806451612904,45.16129032258065
60.472024,8.468946,Norway,08,15303.139999999998,56.096774193548384,47.193548387096776
60.472024,8.468946,Norway,09,13940.95,55.63333333333333,39.86666666666667
60.472024,8.468946,Norway,10,9169.309999999998,37.45161290322581,52.32258064516129
60.472024,8.468946,Norway,11,5070.320000000001,23.933333333333334,60.93333333333333
60.472024,8.468946,Norway,12,6148.4299999999985,28.70967741935484,43.645161290322584
61.92411,25.748151,Finland,01,1583.0199999999998,12.35483870967742,86.38709677419355
61.92411,25.748151,Finland,02,1461.88,30.413793103448278,90.3103448275862
61.92411,25.748151,Finland,03,3186.1000000000004,34.774193548387096,86.12903225806451
61.92411,25.748151,Finland,04,7265.719999999998,46.43333333333333,72.76666666666667
61.92411,25.748151,Finland,05,19165.18,64.12903225806451,41.483870967741936
61.92411,25.748151,Finland,06,16757.52,66.46666666666667,52.233333333333334
61.92411,25.748151,Finland,07,15363.18,69.03225806451613,55.03225806451613
61.92411,25.748151,Finland,08,12342.239999999998,65.6774193548387,58.25806451612903
61.92411,25.748151,Finland,09,10424.710000000001,58.233333333333334,55.53333333333333
61.92411,25.748151,Finland,10,5366.529999999997,42.32258064516129,72.48387096774194
61.92411,25.748151,Finland,11,1303.9699999999998,33.166666666666664,89.53333333333333
61.92411,25.748151,Finland,12,2011.86,31.258064516129032,79.90322580645162
64.96305100000001,-19.020835,Iceland,01,5421.87,22.0,43.225806451612904
64.96305100000001,-19.020835,Iceland,02,8260.84,20.03448275862069,44.13793103448276
64.96305100000001,-19.020835,Iceland,03,11999.25,29.483870967741936,46.064516129032256
64.96305100000001,-19.020835,Iceland,04,15861.679999999998,33.13333333333333,42.43333333333333
64.96305100000001,-19.020835,Iceland,05,18420.559999999998,36.70967741935484,47.70967741935484
64.96305100000001,-19.020835,Iceland,06,21827.54,44.9,43.86666666666667
64.96305100000001,-19.020835,Iceland,07,18629.719999999998,44.516129032258064,49.83870967741935
64.96305100000001,-19.020835,Iceland,08,15298.150000000001,43.354838709677416,49.96774193548387
64.96305100000001,-19.020835,Iceland,09,10310.650000000001,39.53333333333333,55.5
64.96305100000001,-19.020835,Iceland,10,7248.079999999999,40.225806451612904,59.354838709677416
64.96305100000001,-19.020835,Iceland,11,4314.04,30.6,61.06666666666667
64.96305100000001,-19.020835,Iceland,12,2484.3199999999997,32.45161290322581,65.7741935483871
